{
    "case14": {
        "D": {
            "prediction": 516184.1757844928,
            "factor": 0.08438546076405233,
            "systematic": 870.265396809341,
            "statistical": 718.4595853522262,
            "closure": 34006.27575835772,
            "uncertainty": 0.06591638675471141
        },
        "V": {
            "prediction": 426381.7049942303,
            "factor": 0.10601821010364826,
            "systematic": 792.8831636595611,
            "statistical": 652.9790999673958,
            "closure": 31403.699441027537,
            "uncertainty": 0.0736909972679958
        },
        "highST": {},
        "D2": {}
    },
    "case23": {
        "D": {
            "prediction": 169286.65577602215,
            "factor": 0.030314423815087522,
            "systematic": 512.2221848976762,
            "statistical": 411.4445962411247,
            "closure": 776.1738977601199,
            "uncertainty": 0.006007024637146273
        },
        "V": {
            "prediction": 120852.26437315723,
            "factor": 0.035254380861286815,
            "systematic": 432.55818542041294,
            "statistical": 347.6381227270065,
            "closure": 325.1250575640297,
            "uncertainty": 0.005321936346208467
        },
        "highST": {},
        "D2": {}
    },
    "case1": {
        "D": {
            "prediction": 13298.89285654329,
            "factor": 0.023685847608141648,
            "systematic": 146.1389784478876,
            "statistical": 115.32082577116455,
            "closure": 101.8614207642122,
            "uncertainty": 0.015956641213113805
        },
        "V": {
            "prediction": 7871.495787137051,
            "factor": 0.026017517293691044,
            "systematic": 113.3403834242685,
            "statistical": 88.72145054684944,
            "closure": 28.07874841568446,
            "uncertainty": 0.018630396297111173
        },
        "highST": {},
        "D2": {}
    },
    "case2": {
        "D": {
            "prediction": 36730.923226569204,
            "factor": 0.024056006074148796,
            "systematic": 239.62956203858076,
            "statistical": 191.6531325769793,
            "closure": 294.5089810604295,
            "uncertainty": 0.01157907808387038
        },
        "V": {
            "prediction": 27492.020819464527,
            "factor": 0.026884800710614585,
            "systematic": 206.5779494144267,
            "statistical": 165.8071796378689,
            "closure": 159.45861428264834,
            "uncertainty": 0.01124624555936989
        },
        "highST": {},
        "D2": {}
    },
    "case3": {
        "D": {
            "prediction": 132544.36131092877,
            "factor": 0.03266676688785439,
            "systematic": 452.70984488518593,
            "statistical": 364.06642431145553,
            "closure": 1091.9854614517535,
            "uncertainty": 0.00933197364307504
        },
        "V": {
            "prediction": 93339.4717864666,
            "factor": 0.038803798497837425,
            "systematic": 379.99626566548176,
            "statistical": 305.51509256739934,
            "closure": 505.3554390727804,
            "uncertainty": 0.007523350606440463
        },
        "highST": {},
        "D2": {}
    },
    "case4": {
        "D": {
            "prediction": 502473.5957921752,
            "factor": 0.09044598889970051,
            "systematic": 857.8145935994829,
            "statistical": 708.8537196010014,
            "closure": 34184.38425652898,
            "uncertainty": 0.0680682370240151
        },
        "V": {
            "prediction": 418162.1627458483,
            "factor": 0.11243239538319963,
            "systematic": 784.6161399590641,
            "statistical": 646.6545930756607,
            "closure": 31723.667153856775,
            "uncertainty": 0.07590346374269905
        },
        "highST": {},
        "D2": {}
    }
}