{
    "case14": {
        "D": {},
        "V": {},
        "highST": {},
        "D2": {}
    },
    "case23": {
        "D": {},
        "V": {},
        "highST": {},
        "D2": {}
    },
    "case1": {
        "D": {
            "prediction": 1612.2467331382613,
            "factor": 0.01577077896056208,
            "systematic": 46.256692456025675,
            "statistical": 40.152792345467844,
            "closure": 205.00254305700162,
            "uncertainty": 0.1327078961305193
        },
        "V": {
            "prediction": 959.6303133088644,
            "factor": 0.01757757836591685,
            "systematic": 36.41905652442766,
            "statistical": 30.977900401881087,
            "closure": 178.19954253433468,
            "uncertainty": 0.19226381124793823
        },
        "highST": {},
        "D2": {}
    },
    "case2": {
        "D": {
            "prediction": 4392.6335781314365,
            "factor": 0.017356356868765185,
            "systematic": 78.58024120236536,
            "statistical": 66.27694605314457,
            "closure": 356.4846169936245,
            "uncertainty": 0.08446196683681388
        },
        "V": {
            "prediction": 3264.33354100979,
            "factor": 0.01995484663118965,
            "systematic": 67.72984487022788,
            "statistical": 57.13434642148093,
            "closure": 343.4665685772543,
            "uncertainty": 0.1086630650832156
        },
        "highST": {},
        "D2": {}
    },
    "case3": {
        "D": {
            "prediction": 15466.288768203998,
            "factor": 0.026396723031084604,
            "systematic": 154.05916598405202,
            "statistical": 124.36353472060851,
            "closure": 1738.3108514662454,
            "uncertainty": 0.1131202194651838
        },
        "V": {
            "prediction": 10785.816767345028,
            "factor": 0.03155057587461761,
            "systematic": 129.85381598287287,
            "statistical": 103.85478692551936,
            "closure": 1383.930614054203,
            "uncertainty": 0.12923302259860353
        },
        "highST": {},
        "D2": {}
    },
    "case4": {
        "D": {
            "prediction": 53347.80292565789,
            "factor": 0.07109731994799472,
            "systematic": 270.04318850434925,
            "statistical": 230.9714331376456,
            "closure": 10628.000471053529,
            "uncertainty": 0.1993322821498717
        },
        "V": {
            "prediction": 44125.30530060697,
            "factor": 0.08585942559830124,
            "systematic": 247.06367192428434,
            "statistical": 210.06024207499848,
            "closure": 10053.725641125973,
            "uncertainty": 0.2279633965478923
        },
        "highST": {},
        "D2": {}
    }
}