{
    "case14": {
        "D": {},
        "V": {},
        "highST": {},
        "D2": {}
    },
    "case23": {
        "D": {},
        "V": {},
        "highST": {},
        "D2": {}
    },
    "case1": {
        "D": {
            "prediction": 13011.31073439244,
            "factor": 0.02314459151401688,
            "systematic": 144.44464674437862,
            "statistical": 114.06713257723472,
            "closure": 124.76201661960113,
            "uncertainty": 0.017089255162763675
        },
        "V": {
            "prediction": 7633.05307823781,
            "factor": 0.02518527721838024,
            "systematic": 111.52061231860465,
            "statistical": 87.3673456059975,
            "closure": 6.692591706247185,
            "uncertainty": 0.018580542863627324
        },
        "highST": {
            "prediction": 5361.777352285921,
            "factor": 0.020650177749437396,
            "systematic": 91.7466580207958,
            "statistical": 73.22415825590568,
            "closure": 100.73376476093381,
            "uncertainty": 0.02884901398399703
        },
        "D2": {}
    },
    "case2": {
        "D": {
            "prediction": 36586.34191256518,
            "factor": 0.023948266776305915,
            "systematic": 239.0731506066643,
            "statistical": 191.27556538294476,
            "closure": 306.5023684381995,
            "uncertainty": 0.01184123412586617
        },
        "V": {
            "prediction": 27357.99181891405,
            "factor": 0.026736946036380993,
            "systematic": 205.98294363312516,
            "statistical": 165.4025145483407,
            "closure": 171.8587636595439,
            "uncertainty": 0.011519652706926446
        },
        "highST": {
            "prediction": 9233.167617921586,
            "factor": 0.018276551524809552,
            "systematic": 121.46438607139763,
            "statistical": 96.08937307487018,
            "closure": 163.63706732319224,
            "uncertainty": 0.02440206477270697
        },
        "D2": {}
    },
    "case3": {
        "D": {
            "prediction": 131663.9531574661,
            "factor": 0.032439916297739055,
            "systematic": 450.97145313438784,
            "statistical": 362.8552785305267,
            "closure": 1149.0200013446884,
            "uncertainty": 0.009771689363649123
        },
        "V": {
            "prediction": 92496.6608242862,
            "factor": 0.03843918029926551,
            "systematic": 378.01342662125023,
            "statistical": 304.13263689431,
            "closure": 579.1041066992766,
            "uncertainty": 0.008167662993790884
        },
        "highST": {
            "prediction": 39142.626109318946,
            "factor": 0.0236682376565294,
            "systematic": 245.83644328014722,
            "statistical": 197.84495472293182,
            "closure": 7.183692823971796,
            "uncertainty": 0.008063890920978532
        },
        "D2": {}
    },
    "case4": {
        "D": {
            "prediction": 474475.76888115087,
            "factor": 0.08539169051987763,
            "systematic": 831.7946980314413,
            "statistical": 688.8220153865227,
            "closure": 31696.42728369881,
            "uncertainty": 0.06684181346508736
        },
        "V": {
            "prediction": 390910.1596752553,
            "factor": 0.10508091871917385,
            "systematic": 756.8233048495541,
            "statistical": 625.2280861215811,
            "closure": 29502.49176738964,
            "uncertainty": 0.07551305305372141
        },
        "highST": {
            "prediction": 83568.86414387322,
            "factor": 0.045474951783964226,
            "systematic": 345.24797185635043,
            "statistical": 289.08279807673307,
            "closure": 6426.277275425222,
            "uncertainty": 0.0770865353621405
        },
        "D2": {}
    }
}