{
    "case14": {
        "D": {
            "prediction": 490791.94142074545,
            "factor": 0.08019997728949456,
            "systematic": 846.5202945028392,
            "statistical": 700.5654440669662,
            "closure": 35135.20454850001,
            "uncertainty": 0.07162379700336989
        },
        "V": {
            "prediction": 416604.71544620756,
            "factor": 0.10120490176147191,
            "systematic": 786.4814836421734,
            "statistical": 645.4492353750275,
            "closure": 32305.041372413572,
            "uncertainty": 0.07758207676871418
        }
    },
    "case23": {
        "D": {
            "prediction": 168609.19915789555,
            "factor": 0.030194981452033528,
            "systematic": 511.4568728665822,
            "statistical": 410.62050503828414,
            "closure": 392.44978504106984,
            "uncertainty": 0.004533198913783476
        },
        "V": {
            "prediction": 125838.64216261767,
            "factor": 0.03525944782464951,
            "systematic": 445.56837313271217,
            "statistical": 354.7374270677083,
            "closure": 903.0621874714416,
            "uncertainty": 0.008484332184482014
        }
    },
    "case1": {
        "D": {
            "prediction": 13043.418373568098,
            "factor": 0.02321396882164473,
            "systematic": 144.52889227683207,
            "statistical": 114.20778595861185,
            "closure": 131.78549216769898,
            "uncertainty": 0.017364603307883444
        },
        "V": {
            "prediction": 7794.551942176682,
            "factor": 0.02532014014480471,
            "systematic": 113.09488177591756,
            "statistical": 88.2867597218104,
            "closure": 25.599301003524488,
            "uncertainty": 0.018697754725705076
        }
    },
    "case2": {
        "D": {
            "prediction": 36639.208956520786,
            "factor": 0.02400452384748988,
            "systematic": 241.91297947303508,
            "statistical": 191.41371151649713,
            "closure": 328.1195531773774,
            "uncertainty": 0.012291732217600012
        },
        "V": {
            "prediction": 28207.811225748836,
            "factor": 0.026894627260500382,
            "systematic": 212.66396411189643,
            "statistical": 167.95181221335136,
            "closure": 154.43071373641942,
            "uncertainty": 0.01105727820308641
        }
    },
    "case3": {
        "D": {
            "prediction": 132000.22698492638,
            "factor": 0.03253105650460471,
            "systematic": 450.8170062793592,
            "statistical": 363.31835486928867,
            "closure": 690.3325546668202,
            "uncertainty": 0.006825721606694902
        },
        "V": {
            "prediction": 97637.8689064444,
            "factor": 0.038743541010935016,
            "systematic": 391.5961667052971,
            "statistical": 312.4705888662874,
            "closure": 1050.4549316322955,
            "uncertainty": 0.011919601949776464
        }
    },
    "case4": {
        "D": {
            "prediction": 477364.8531847646,
            "factor": 0.08589214814999173,
            "systematic": 834.0275144010421,
            "statistical": 690.9159523305021,
            "closure": 35650.65990308038,
            "uncertainty": 0.07471665899429186
        },
        "V": {
            "prediction": 408493.3725334796,
            "factor": 0.10725529446282725,
            "systematic": 778.198829515208,
            "statistical": 639.1348625552197,
            "closure": 32596.233041961328,
            "uncertainty": 0.0798343052806748
        }
    }
}