{
    "case14": {
        "D": {},
        "V": {},
        "highST": {},
        "D2": {}
    },
    "case23": {
        "D": {},
        "V": {},
        "highST": {},
        "D2": {}
    },
    "case1": {
        "D": {
            "prediction": 4292.345966168943,
            "factor": 0.025879019704145273,
            "systematic": 87.5397185074026,
            "statistical": 65.51599778808946,
            "closure": 279.4032358280174,
            "uncertainty": 0.06990028164190969
        },
        "V": {
            "prediction": 2425.5375016056387,
            "factor": 0.02685998805804501,
            "systematic": 65.27247023619194,
            "statistical": 49.249746208540394,
            "closure": 139.54049637942808,
            "uncertainty": 0.06667926628075138
        },
        "highST": {},
        "D2": {}
    },
    "case2": {
        "D": {
            "prediction": 12238.677893345444,
            "factor": 0.02580442579655618,
            "systematic": 144.32635556554973,
            "statistical": 110.6285582177832,
            "closure": 593.5915629874798,
            "uncertainty": 0.05072621522921231
        },
        "V": {
            "prediction": 9068.452380161929,
            "factor": 0.028120714518786817,
            "systematic": 123.12254856380319,
            "statistical": 95.22842212365974,
            "closure": 420.2477819585729,
            "uncertainty": 0.04941825455196031
        },
        "highST": {},
        "D2": {}
    },
    "case3": {
        "D": {
            "prediction": 45935.82457054557,
            "factor": 0.03487156515027531,
            "systematic": 280.02205113153667,
            "statistical": 214.3264439366864,
            "closure": 805.1919298389912,
            "uncertainty": 0.019135902177027965
        },
        "V": {
            "prediction": 32288.644042812386,
            "factor": 0.04074986438371904,
            "systematic": 234.1141939085198,
            "statistical": 179.6904116607572,
            "closure": 777.8815592182327,
            "uncertainty": 0.025767085963022743
        },
        "highST": {},
        "D2": {}
    },
    "case4": {
        "D": {
            "prediction": 166393.88530225723,
            "factor": 0.09311197086912767,
            "systematic": 522.6455838101016,
            "statistical": 407.9140660755121,
            "closure": 6358.586616134591,
            "uncertainty": 0.0384212247393144
        },
        "V": {
            "prediction": 136754.2188111453,
            "factor": 0.11370837409204092,
            "systematic": 474.3135467926827,
            "statistical": 369.80294592004714,
            "closure": 5920.114213789668,
            "uncertainty": 0.043513001397685186
        },
        "highST": {},
        "D2": {}
    }
}