{
    "case14": {
        "D": {},
        "V": {},
        "highST": {},
        "D2": {}
    },
    "case23": {
        "D": {},
        "V": {},
        "highST": {},
        "D2": {}
    },
    "case1": {
        "D": {
            "prediction": 1998.4174881730034,
            "factor": 0.021213271852886264,
            "systematic": 55.62196974720807,
            "statistical": 44.703663028581936,
            "closure": 64.5246544629058,
            "uncertainty": 0.04814124173193208
        },
        "V": {
            "prediction": 1205.8175146698707,
            "factor": 0.024880684934587956,
            "systematic": 43.905606730547206,
            "statistical": 34.72488322039213,
            "closure": 61.62786321750082,
            "uncertainty": 0.06904503339256118
        },
        "highST": {},
        "D2": {}
    },
    "case2": {
        "D": {
            "prediction": 5087.1143836958145,
            "factor": 0.022721895892087108,
            "systematic": 86.32517553395624,
            "statistical": 71.32400986831723,
            "closure": 104.80742582358471,
            "uncertainty": 0.030149613245736222
        },
        "V": {
            "prediction": 3797.4204671047937,
            "factor": 0.02664875169022094,
            "systematic": 73.73840809225204,
            "statistical": 61.62321370315568,
            "closure": 204.14394217251402,
            "uncertainty": 0.05941701429043203
        },
        "highST": {},
        "D2": {}
    },
    "case3": {
        "D": {
            "prediction": 17239.687968798193,
            "factor": 0.03298180413886699,
            "systematic": 162.11325530468937,
            "statistical": 131.29999226503477,
            "closure": 647.818759594651,
            "uncertainty": 0.03947752989085759
        },
        "V": {
            "prediction": 12331.217944383538,
            "factor": 0.04137992598786422,
            "systematic": 138.1479276065884,
            "statistical": 111.04601723782595,
            "closure": 435.40029113320634,
            "uncertainty": 0.038122364345829114
        },
        "highST": {},
        "D2": {}
    },
    "case4": {
        "D": {
            "prediction": 59685.304110047946,
            "factor": 0.08355962629717023,
            "systematic": 293.4093556326071,
            "statistical": 244.30575946966118,
            "closure": 9926.623766246863,
            "uncertainty": 0.1664390220618869
        },
        "V": {
            "prediction": 49145.91844380619,
            "factor": 0.10301227120322916,
            "systematic": 266.65838524218447,
            "statistical": 221.68878736599692,
            "closure": 9732.598482456058,
            "uncertainty": 0.19816038967293007
        },
        "highST": {},
        "D2": {}
    }
}