{
    "case14": {
        "D": {
            "prediction": 513325.2846849956,
            "factor": 0.08391826941113065,
            "systematic": 867.5213660128686,
            "statistical": 716.4672251296605,
            "closure": 33842.52004507306,
            "uncertainty": 0.06596444587545473
        },
        "V": {
            "prediction": 423591.2424502648,
            "factor": 0.10532429350336699,
            "systematic": 789.936371184697,
            "statistical": 650.8388759518479,
            "closure": 31275.790326908405,
            "uncertainty": 0.07387436362946412
        },
        "highST": {},
        "D2": {}
    },
    "case23": {
        "D": {
            "prediction": 169263.1634058365,
            "factor": 0.03031032012655325,
            "systematic": 512.1744376070687,
            "statistical": 411.41604660712557,
            "closure": 767.7347972674179,
            "uncertainty": 0.005969678702206356
        },
        "V": {
            "prediction": 120831.7684759364,
            "factor": 0.03524855614480326,
            "systematic": 432.50936642562675,
            "statistical": 347.6086426945343,
            "closure": 316.9872486546665,
            "uncertainty": 0.0052887072121084976
        },
        "highST": {},
        "D2": {}
    },
    "case1": {
        "D": {
            "prediction": 13288.99687417384,
            "factor": 0.023668348939784242,
            "systematic": 146.12759570925795,
            "statistical": 115.27791147558946,
            "closure": 114.55751973950737,
            "uncertainty": 0.016446211000228403
        },
        "V": {
            "prediction": 7863.758356043084,
            "factor": 0.025991771077789588,
            "systematic": 113.34333880740016,
            "statistical": 88.67783463776664,
            "closure": 12.130579646610386,
            "uncertainty": 0.01836547791332742
        },
        "highST": {},
        "D2": {}
    },
    "case2": {
        "D": {
            "prediction": 36725.83196570561,
            "factor": 0.024052703184712462,
            "systematic": 239.60747476825574,
            "statistical": 191.6398496286866,
            "closure": 299.73608753134613,
            "uncertainty": 0.011679192956153338
        },
        "V": {
            "prediction": 27487.18437122283,
            "factor": 0.02688012365851884,
            "systematic": 206.55329853209787,
            "statistical": 165.79259444023074,
            "closure": 164.43693762483235,
            "uncertainty": 0.01134181793342573
        },
        "highST": {},
        "D2": {}
    },
    "case3": {
        "D": {
            "prediction": 132525.98340503435,
            "factor": 0.03266237433428878,
            "systematic": 452.667558084062,
            "statistical": 364.04118366612636,
            "closure": 1088.7351582489064,
            "uncertainty": 0.009311449284606244
        },
        "V": {
            "prediction": 93323.82966823503,
            "factor": 0.03879750531645153,
            "systematic": 379.95412501795624,
            "statistical": 305.4894919113177,
            "closure": 502.1786227580451,
            "uncertainty": 0.007499786581140937
        },
        "highST": {},
        "D2": {}
    },
    "case4": {
        "D": {
            "prediction": 499628.79445121693,
            "factor": 0.08993408234204246,
            "systematic": 855.0435897894281,
            "statistical": 706.8442504903162,
            "closure": 34033.47598188714,
            "uncertainty": 0.06815370271530559
        },
        "V": {
            "prediction": 415383.5460963324,
            "factor": 0.11168527115572817,
            "systematic": 781.6492268966225,
            "statistical": 644.502557090608,
            "closure": 31607.597745151143,
            "uncertainty": 0.07613163744533298
        },
        "highST": {},
        "D2": {}
    }
}