{
    "case14": {
        "D": {},
        "V": {},
        "highST": {},
        "D2": {}
    },
    "case23": {
        "D": {},
        "V": {},
        "highST": {},
        "D2": {}
    },
    "case1": {
        "D": {
            "prediction": 5170.260335537174,
            "factor": 0.025867210011843153,
            "systematic": 91.5215225072217,
            "statistical": 71.90452235803512,
            "closure": 157.53836196111843,
            "uncertainty": 0.03788383813716195
        },
        "V": {
            "prediction": 3068.742937550859,
            "factor": 0.02797013113567752,
            "systematic": 71.36827035472092,
            "statistical": 55.39623577059058,
            "closure": 133.65468997607695,
            "uncertainty": 0.05257037916531522
        },
        "highST": {},
        "D2": {}
    },
    "case2": {
        "D": {
            "prediction": 14939.069641198948,
            "factor": 0.0259148739497646,
            "systematic": 152.4498094298882,
            "statistical": 122.22548687241523,
            "closure": 235.1251590627562,
            "uncertainty": 0.02046436587959866
        },
        "V": {
            "prediction": 11291.31002653319,
            "factor": 0.028610221523674026,
            "systematic": 132.8492559958749,
            "statistical": 106.26057606908213,
            "closure": 362.74608834639,
            "uncertainty": 0.035483540971996
        },
        "highST": {},
        "D2": {}
    },
    "case3": {
        "D": {
            "prediction": 52739.92134393438,
            "factor": 0.032300373925422635,
            "systematic": 275.41259102354655,
            "statistical": 229.65173925736852,
            "closure": 238.45150715506315,
            "uncertainty": 0.008165358806122215
        },
        "V": {
            "prediction": 36823.97205467463,
            "factor": 0.03780338207753953,
            "systematic": 229.34574246459508,
            "statistical": 191.89573224716236,
            "closure": 195.33522419929068,
            "uncertainty": 0.009699725871076927
        },
        "highST": {},
        "D2": {}
    },
    "case4": {
        "D": {
            "prediction": 194007.8699280493,
            "factor": 0.08417557702535981,
            "systematic": 514.1433023419363,
            "statistical": 440.46324469591025,
            "closure": 5641.778790834505,
            "uncertainty": 0.029288784829616058
        },
        "V": {
            "prediction": 159910.16660899587,
            "factor": 0.10476301845650834,
            "systematic": 467.9481706832407,
            "statistical": 399.88769249502525,
            "closure": 4770.603940718807,
            "uncertainty": 0.03008032934683943
        },
        "highST": {},
        "D2": {}
    }
}