{
    "case14": {
        "B": {
            "data": 2275236.0,
            "major": 2185402.9225509902,
            "minor": 100309.72387859586
        },
        "D": {
            "data": 578093.0,
            "major": 515797.97884941666,
            "minor": 27105.432664363336,
            "unweighted": 6116967.0
        },
        "V": {
            "data": 476538.0,
            "major": 423052.59295096126,
            "minor": 21670.967222826806,
            "unweighted": 4021781.0
        },
        "BV": {
            "data": 1876015.0,
            "major": 1794330.8197548077,
            "minor": 79399.5579222227
        }
    },
    "case23": {
        "B": {
            "data": 567661.0,
            "major": 576101.8489161468,
            "minor": 23179.146225456057
        },
        "D": {
            "data": 175039.0,
            "major": 179092.87649442191,
            "minor": 5651.742245859747,
            "unweighted": 5584341.0
        },
        "V": {
            "data": 125016.0,
            "major": 127371.97438238465,
            "minor": 3867.2442754089293,
            "unweighted": 3427992.0
        },
        "BV": {
            "data": 408631.0,
            "major": 414027.5080339024,
            "minor": 15862.683139080338
        }
    },
    "case1": {
        "B": {
            "data": 37681.0,
            "major": 40220.39909670487,
            "minor": 856.981371512035,
            "unweighted": 1449578.0
        },
        "D": {
            "data": 13427.0,
            "major": 14514.677587650405,
            "minor": 249.39379368108703,
            "unweighted": 561467.0
        },
        "V": {
            "data": 7998.0,
            "major": 8727.427297942615,
            "minor": 122.11106431030602,
            "unweighted": 302548.0
        },
        "BV": {
            "data": 20828.0,
            "major": 22646.343565436433,
            "minor": 422.74569458690837,
            "unweighted": 702663.0
        }
    },
    "case2": {
        "B": {
            "data": 116079.0,
            "major": 121435.54766162962,
            "minor": 2098.2942374493655,
            "unweighted": 4386296.0
        },
        "D": {
            "data": 36961.0,
            "major": 39127.86368752034,
            "minor": 562.2316970581629,
            "unweighted": 1526890.0
        },
        "V": {
            "data": 27703.0,
            "major": 29429.116022062597,
            "minor": 380.2525664020021,
            "unweighted": 1022584.0
        },
        "BV": {
            "data": 87377.0,
            "major": 92077.02618104106,
            "minor": 1375.837304702668,
            "unweighted": 2900999.0
        }
    },
    "case3": {
        "B": {
            "data": 451582.0,
            "major": 454666.30125451717,
            "minor": 21080.851988006692,
            "unweighted": 11168848.0
        },
        "D": {
            "data": 138078.0,
            "major": 139965.0128069016,
            "minor": 5089.510548801583,
            "unweighted": 4057451.0
        },
        "V": {
            "data": 97313.0,
            "major": 97942.85836032205,
            "minor": 3486.991709006927,
            "unweighted": 2405408.0
        },
        "BV": {
            "data": 321254.0,
            "major": 321950.4818528613,
            "minor": 14486.84583437767,
            "unweighted": 6251900.0
        }
    },
    "case4": {
        "B": {
            "data": 2237555.0,
            "major": 2145182.523454285,
            "minor": 99452.74250708382,
            "unweighted": 16975367.0
        },
        "D": {
            "data": 564666.0,
            "major": 501283.30126176623,
            "minor": 26856.03887068225,
            "unweighted": 5555500.0
        },
        "V": {
            "data": 468540.0,
            "major": 414325.16565301863,
            "minor": 21548.8561585165,
            "unweighted": 3719233.0
        },
        "BV": {
            "data": 1855187.0,
            "major": 1771684.4761893712,
            "minor": 78976.81222763579,
            "unweighted": 10194267.0
        }
    }
}