{
    "case14": {
        "B": {
            "data": 832567.0,
            "major": 888306.7528255488,
            "minor": 40979.49183223664
        },
        "D": {
            "data": 216915.0,
            "major": 223493.30172567395,
            "minor": 11914.444676690562,
            "unweighted": 2504677.0
        },
        "V": {
            "data": 177036.0,
            "major": 181937.8916797421,
            "minor": 9420.141202710527,
            "unweighted": 1636114.0
        },
        "BV": {
            "data": 679863.0,
            "major": 723147.5018972487,
            "minor": 32061.227079749337
        }
    },
    "case23": {
        "B": {
            "data": 219329.0,
            "major": 242804.21573883778,
            "minor": 10877.452671561845
        },
        "D": {
            "data": 69512.0,
            "major": 78783.04605343156,
            "minor": 2781.3977530840125,
            "unweighted": 2209263.0
        },
        "V": {
            "data": 49469.0,
            "major": 55864.13042874641,
            "minor": 1911.7992313378618,
            "unweighted": 1368752.0
        },
        "BV": {
            "data": 157589.0,
            "major": 174425.17396625638,
            "minor": 7482.43908236663
        }
    },
    "case1": {
        "B": {
            "data": 13997.0,
            "major": 15167.577405725737,
            "minor": 334.55126785310927,
            "unweighted": 497345.0
        },
        "D": {
            "data": 5062.0,
            "major": 5739.843960950826,
            "minor": 98.1302639835317,
            "unweighted": 199877.0
        },
        "V": {
            "data": 2979.0,
            "major": 3433.3269538111513,
            "minor": 43.91175242521779,
            "unweighted": 109715.0
        },
        "BV": {
            "data": 7757.0,
            "major": 8488.706884362184,
            "minor": 169.7064940874666,
            "unweighted": 247634.0
        }
    },
    "case2": {
        "B": {
            "data": 45159.0,
            "major": 48562.791951658706,
            "minor": 963.4785938088087,
            "unweighted": 1600950.0
        },
        "D": {
            "data": 14631.0,
            "major": 16415.30426282639,
            "minor": 273.9177606283873,
            "unweighted": 576467.0
        },
        "V": {
            "data": 11113.0,
            "major": 12266.851793873946,
            "minor": 184.43606181320033,
            "unweighted": 394660.0
        },
        "BV": {
            "data": 34378.0,
            "major": 36661.809644368965,
            "minor": 631.7816724054927,
            "unweighted": 1087314.0
        }
    },
    "case3": {
        "B": {
            "data": 174170.0,
            "major": 194241.42378717908,
            "minor": 9913.974077753037,
            "unweighted": 4377050.0
        },
        "D": {
            "data": 54881.0,
            "major": 62367.74179060518,
            "minor": 2507.479992455625,
            "unweighted": 1632796.0
        },
        "V": {
            "data": 38356.0,
            "major": 43597.27863487246,
            "minor": 1727.3631695246615,
            "unweighted": 974092.0
        },
        "BV": {
            "data": 123211.0,
            "major": 137763.3643218874,
            "minor": 6850.657409961137,
            "unweighted": 2466446.0
        }
    },
    "case4": {
        "B": {
            "data": 818570.0,
            "major": 873139.175419823,
            "minor": 40644.940564383534,
            "unweighted": 6940266.0
        },
        "D": {
            "data": 211853.0,
            "major": 217753.45776472313,
            "minor": 11816.31441270703,
            "unweighted": 2304800.0
        },
        "V": {
            "data": 174057.0,
            "major": 178504.56472593095,
            "minor": 9376.22945028531,
            "unweighted": 1526399.0
        },
        "BV": {
            "data": 672106.0,
            "major": 714658.7950128865,
            "minor": 31891.52058566187,
            "unweighted": 4127159.0
        }
    }
}