{
    "case14": {
        "B": {
            "data": 2285411.0,
            "major": 2193995.2404276286,
            "minor": 100927.17179877017
        },
        "D": {
            "data": 581331.0,
            "major": 518431.6817706886,
            "minor": 27324.40206995329,
            "unweighted": 6116980.0
        },
        "V": {
            "data": 479668.0,
            "major": 425624.2959121775,
            "minor": 21882.595564742165,
            "unweighted": 4021778.0
        },
        "BV": {
            "data": 1885868.0,
            "major": 1802669.2829509606,
            "minor": 79990.8219642004
        }
    },
    "case23": {
        "B": {
            "data": 567711.0,
            "major": 576132.8518079667,
            "minor": 23180.543912899175
        },
        "D": {
            "data": 175070.0,
            "major": 179111.38426694815,
            "minor": 5653.345430272882,
            "unweighted": 5584360.0
        },
        "V": {
            "data": 125046.0,
            "major": 127388.82626439337,
            "minor": 3868.6105692787446,
            "unweighted": 3428007.0
        },
        "BV": {
            "data": 408672.0,
            "major": 414054.240941015,
            "minor": 15863.666189194873
        }
    },
    "case1": {
        "B": {
            "data": 37724.0,
            "major": 40287.86342995243,
            "minor": 858.2820106470646,
            "unweighted": 1449577.0
        },
        "D": {
            "data": 13453.0,
            "major": 14533.39330943518,
            "minor": 250.05431615787,
            "unweighted": 561470.0
        },
        "V": {
            "data": 8022.0,
            "major": 8744.187734108635,
            "minor": 122.42546444726449,
            "unweighted": 302546.0
        },
        "BV": {
            "data": 20864.0,
            "major": 22706.08726146017,
            "minor": 424.03740361489065,
            "unweighted": 702661.0
        }
    },
    "case2": {
        "B": {
            "data": 116088.0,
            "major": 121441.4959545953,
            "minor": 2098.8442940677205,
            "unweighted": 4386306.0
        },
        "D": {
            "data": 36971.0,
            "major": 39132.30374243233,
            "minor": 562.4297807729791,
            "unweighted": 1526892.0
        },
        "V": {
            "data": 27713.0,
            "major": 29433.263479525493,
            "minor": 380.4377948181218,
            "unweighted": 1022586.0
        },
        "BV": {
            "data": 87385.0,
            "major": 92081.92597259358,
            "minor": 1376.2491288666965,
            "unweighted": 2900995.0
        }
    },
    "case3": {
        "B": {
            "data": 451623.0,
            "major": 454691.35585337144,
            "minor": 21081.699618831455,
            "unweighted": 11168867.0
        },
        "D": {
            "data": 138099.0,
            "major": 139979.08052451583,
            "minor": 5090.915649499903,
            "unweighted": 4057468.0
        },
        "V": {
            "data": 97333.0,
            "major": 97955.56278486789,
            "minor": 3488.172774460623,
            "unweighted": 2405421.0
        },
        "BV": {
            "data": 321287.0,
            "major": 321972.3149684214,
            "minor": 14487.417060328176,
            "unweighted": 6251905.0
        }
    },
    "case4": {
        "B": {
            "data": 2247687.0,
            "major": 2153707.376997676,
            "minor": 100068.88978812311,
            "unweighted": 16975383.0
        },
        "D": {
            "data": 567878.0,
            "major": 503898.28846125345,
            "minor": 27074.347753795417,
            "unweighted": 5555510.0
        },
        "V": {
            "data": 471646.0,
            "major": 416880.1081780688,
            "minor": 21760.1701002949,
            "unweighted": 3719232.0
        },
        "BV": {
            "data": 1865004.0,
            "major": 1779963.1956895003,
            "minor": 79566.78456058551,
            "unweighted": 10194268.0
        }
    }
}