{
    "case14": {
        "B": {
            "data": 2165806.0,
            "major": 2087998.738716156,
            "minor": 94647.26765974754
        },
        "D": {
            "data": 548681.0,
            "major": 491833.73512975965,
            "minor": 25385.912078250494,
            "unweighted": 6118638.0
        },
        "V": {
            "data": 448064.0,
            "major": 399760.53278648277,
            "minor": 20024.988070823503,
            "unweighted": 4023163.0
        },
        "BV": {
            "data": 1770024.0,
            "major": 1699827.3808709104,
            "minor": 74023.52933625615
        },
        "highST": {
            "data": 100617.0,
            "major": 92072.80096273379,
            "minor": 5360.814993176573
        },
        "BhighST": {
            "data": 395782.0,
            "major": 388170.6923585152,
            "minor": 20623.650532771397
        }
    },
    "case23": {
        "B": {
            "data": 565159.0,
            "major": 573793.8309963222,
            "minor": 23070.67972944385
        },
        "D": {
            "data": 174079.0,
            "major": 178102.6164210791,
            "minor": 5612.2799794014745,
            "unweighted": 5586426.0
        },
        "V": {
            "data": 124092.0,
            "major": 126426.05512297354,
            "minor": 3830.10201376002,
            "unweighted": 3429540.0
        },
        "BV": {
            "data": 406251.0,
            "major": 411829.67604582326,
            "minor": 15760.590408721197
        },
        "highST": {
            "data": 49987.0,
            "major": 51676.128691821585,
            "minor": 1782.0270329066343
        },
        "BhighST": {
            "data": 158908.0,
            "major": 161963.34329045383,
            "minor": 7309.843206833617
        }
    },
    "case1": {
        "B": {
            "data": 37074.0,
            "major": 39572.61566701429,
            "minor": 838.2174675525956,
            "unweighted": 1450460.0
        },
        "D": {
            "data": 13130.0,
            "major": 14209.479222786173,
            "minor": 242.61150234330646,
            "unweighted": 562175.0
        },
        "V": {
            "data": 7743.0,
            "major": 8464.89768864472,
            "minor": 116.63951346843686,
            "unweighted": 303076.0
        },
        "BV": {
            "data": 20358.0,
            "major": 22124.39234241495,
            "minor": 407.7693787897852,
            "unweighted": 703237.0
        },
        "highST": {
            "data": 5387.0,
            "major": 5744.55312633329,
            "minor": 125.95641247501317,
            "unweighted": 259648.0
        },
        "BhighST": {
            "data": 16716.0,
            "major": 17448.191869692935,
            "minor": 430.4303572707346,
            "unweighted": 747802.0
        }
    },
    "case2": {
        "B": {
            "data": 115775.0,
            "major": 121149.40303595364,
            "minor": 2086.4792872024605,
            "unweighted": 4387411.0
        },
        "D": {
            "data": 36813.0,
            "major": 38987.344141576286,
            "minor": 557.3865444036619,
            "unweighted": 1527724.0
        },
        "V": {
            "data": 27562.0,
            "major": 29296.85731314609,
            "minor": 375.8669447454929,
            "unweighted": 1023228.0
        },
        "BV": {
            "data": 87103.0,
            "major": 91814.11014866305,
            "minor": 1365.1460227107843,
            "unweighted": 2901778.0
        },
        "highST": {
            "data": 9251.0,
            "major": 9690.497355188696,
            "minor": 181.46944940160643,
            "unweighted": 505192.0
        },
        "BhighST": {
            "data": 28672.0,
            "major": 29335.158355191365,
            "minor": 721.2742256694464,
            "unweighted": 1486464.0
        }
    },
    "case3": {
        "B": {
            "data": 449384.0,
            "major": 452644.4279603686,
            "minor": 20984.200442241392,
            "unweighted": 11170221.0
        },
        "D": {
            "data": 137266.0,
            "major": 139115.2722795028,
            "minor": 5054.893434997813,
            "unweighted": 4058702.0
        },
        "V": {
            "data": 96530.0,
            "major": 97129.19780982746,
            "minor": 3454.235069014527,
            "unweighted": 2406312.0
        },
        "BV": {
            "data": 319148.0,
            "major": 320015.5658971602,
            "minor": 14395.444386010413,
            "unweighted": 6252815.0
        },
        "highST": {
            "data": 40736.0,
            "major": 41985.63133663289,
            "minor": 1600.5575835050279,
            "unweighted": 1653804.0
        },
        "BhighST": {
            "data": 130236.0,
            "major": 132628.18493526248,
            "minor": 6588.5689811641705,
            "unweighted": 4919069.0
        }
    },
    "case4": {
        "B": {
            "data": 2128732.0,
            "major": 2048426.1230491416,
            "minor": 93809.05019219495,
            "unweighted": 16976547.0
        },
        "D": {
            "data": 535551.0,
            "major": 477624.2559069735,
            "minor": 25143.30057590719,
            "unweighted": 5556463.0
        },
        "V": {
            "data": 440321.0,
            "major": 391295.63509783807,
            "minor": 19908.348557355068,
            "unweighted": 3720087.0
        },
        "BV": {
            "data": 1749666.0,
            "major": 1677702.9885284954,
            "minor": 73615.75995746636,
            "unweighted": 10195137.0
        },
        "highST": {
            "data": 95230.0,
            "major": 86328.2478364005,
            "minor": 5234.85858070156,
            "unweighted": 1837690.0
        },
        "BhighST": {
            "data": 379066.0,
            "major": 370722.5004888223,
            "minor": 20193.22017550066,
            "unweighted": 6783164.0
        }
    }
}