{
    "case14": {
        "B": {
            "data": 2174791.0,
            "major": 2099894.4841970815,
            "minor": 95131.59379111769
        },
        "D": {
            "data": 551463.0,
            "major": 495567.34511472465,
            "minor": 25535.854030754577,
            "unweighted": 6119602.0
        },
        "V": {
            "data": 470691.0,
            "major": 418091.04485946184,
            "minor": 21781.24318137889,
            "unweighted": 4116448.0
        },
        "BV": {
            "data": 1777701.0,
            "major": 1709379.751359766,
            "minor": 74398.15804574703
        }
    },
    "case23": {
        "B": {
            "data": 567173.0,
            "major": 574024.8235424099,
            "minor": 23107.1078336953
        },
        "D": {
            "data": 174625.0,
            "major": 177893.6470523197,
            "minor": 5623.3510570633935,
            "unweighted": 5584014.0
        },
        "V": {
            "data": 130913.0,
            "major": 132274.44852388196,
            "minor": 4171.2956499108805,
            "unweighted": 3568934.0
        },
        "BV": {
            "data": 407859.0,
            "major": 412110.84390066675,
            "minor": 15799.387613203757
        }
    },
    "case1": {
        "B": {
            "data": 37130.0,
            "major": 39717.61804530785,
            "minor": 843.8794284468901
        },
        "D": {
            "data": 13156.0,
            "major": 14276.905351316662,
            "minor": 244.3671185996014,
            "unweighted": 561878.0
        },
        "V": {
            "data": 7946.0,
            "major": 8663.3085399563,
            "minor": 125.84875681979331,
            "unweighted": 307840.0
        },
        "BV": {
            "data": 20388.0,
            "major": 22203.514335108386,
            "minor": 411.0541269929342
        }
    },
    "case2": {
        "B": {
            "data": 115881.0,
            "major": 117979.76976379193,
            "minor": 2052.836777102609
        },
        "D": {
            "data": 36858.0,
            "major": 37975.53535633478,
            "minor": 546.9105966565883,
            "unweighted": 1526346.0
        },
        "V": {
            "data": 28457.0,
            "major": 29402.989141579885,
            "minor": 403.6194879875845,
            "unweighted": 1048827.0
        },
        "BV": {
            "data": 87179.0,
            "major": 89463.10259337524,
            "minor": 1352.4094628130774
        }
    },
    "case3": {
        "B": {
            "data": 451292.0,
            "major": 456045.053778618,
            "minor": 21054.27105659269
        },
        "D": {
            "data": 137767.0,
            "major": 139918.1116959849,
            "minor": 5076.440460406805,
            "unweighted": 4057668.0
        },
        "V": {
            "data": 102456.0,
            "major": 102871.45938230208,
            "minor": 3767.6761619232957,
            "unweighted": 2520107.0
        },
        "BV": {
            "data": 320680.0,
            "major": 322647.7413072915,
            "minor": 14446.97815039068
        }
    },
    "case4": {
        "B": {
            "data": 2137661.0,
            "major": 2060176.8661517736,
            "minor": 94287.7143626708
        },
        "D": {
            "data": 538307.0,
            "major": 481290.439763408,
            "minor": 25291.486912154975,
            "unweighted": 5557724.0
        },
        "V": {
            "data": 462745.0,
            "major": 409427.73631950555,
            "minor": 21655.394424559097,
            "unweighted": 3808608.0
        },
        "BV": {
            "data": 1757313.0,
            "major": 1687176.2370246577,
            "minor": 73987.10391875409
        }
    }
}