{
    "case14": {
        "B": {
            "data": 729077.0,
            "major": 622197.2713081706,
            "minor": 28464.860862789697
        },
        "D": {
            "data": 184943.0,
            "major": 151722.36598922618,
            "minor": 7808.556774254994,
            "unweighted": 1952892.0
        },
        "V": {
            "data": 151146.0,
            "major": 123365.735534161,
            "minor": 6185.669969838807,
            "unweighted": 1292978.0
        },
        "BV": {
            "data": 595984.0,
            "major": 507879.8339886165,
            "minor": 22324.252403991355
        }
    },
    "case23": {
        "B": {
            "data": 188414.0,
            "major": 172920.13584556873,
            "minor": 7078.951492273127
        },
        "D": {
            "data": 57945.0,
            "major": 55485.35181350339,
            "minor": 1778.3470543159892,
            "unweighted": 1791572.0
        },
        "V": {
            "data": 41383.0,
            "major": 39648.85373467469,
            "minor": 1224.0329182024916,
            "unweighted": 1114845.0
        },
        "BV": {
            "data": 135258.0,
            "major": 124937.56100641187,
            "minor": 4888.373674568313
        }
    },
    "case1": {
        "B": {
            "data": 11599.0,
            "major": 11125.341975264038,
            "minor": 229.09051791092404,
            "unweighted": 397460.0
        },
        "D": {
            "data": 4018.0,
            "major": 4200.017319838896,
            "minor": 72.40367285516194,
            "unweighted": 165862.0
        },
        "V": {
            "data": 2323.0,
            "major": 2510.218311774022,
            "minor": 37.002994773789354,
            "unweighted": 90303.0
        },
        "BV": {
            "data": 6144.0,
            "major": 6245.812357389204,
            "minor": 108.8866276762144,
            "unweighted": 195594.0
        }
    },
    "case2": {
        "B": {
            "data": 37426.0,
            "major": 35814.323016228285,
            "minor": 617.0668438543465,
            "unweighted": 1287184.0
        },
        "D": {
            "data": 11830.0,
            "major": 11907.977922219778,
            "minor": 166.62235413185692,
            "unweighted": 474286.0
        },
        "V": {
            "data": 8763.0,
            "major": 8992.074602188382,
            "minor": 114.79540179664447,
            "unweighted": 322483.0
        },
        "BV": {
            "data": 27873.0,
            "major": 27234.72907102636,
            "minor": 406.94187731627574,
            "unweighted": 868454.0
        }
    },
    "case3": {
        "B": {
            "data": 150988.0,
            "major": 137105.81282934046,
            "minor": 6461.884648418781,
            "unweighted": 3417567.0
        },
        "D": {
            "data": 46115.0,
            "major": 43577.37389128361,
            "minor": 1611.7247001841324,
            "unweighted": 1317286.0
        },
        "V": {
            "data": 32620.0,
            "major": 30656.779132486303,
            "minor": 1109.2375164058471,
            "unweighted": 792362.0
        },
        "BV": {
            "data": 107385.0,
            "major": 97702.8319353855,
            "minor": 4481.431797252037,
            "unweighted": 1956317.0
        }
    },
    "case4": {
        "B": {
            "data": 717478.0,
            "major": 611071.9293329066,
            "minor": 28235.770344878772,
            "unweighted": 5178142.0
        },
        "D": {
            "data": 180925.0,
            "major": 147522.34866938728,
            "minor": 7736.153101399832,
            "unweighted": 1787030.0
        },
        "V": {
            "data": 148823.0,
            "major": 120855.51722238697,
            "minor": 6148.666975065018,
            "unweighted": 1202675.0
        },
        "BV": {
            "data": 589840.0,
            "major": 501634.0216312273,
            "minor": 22215.365776315142,
            "unweighted": 3143845.0
        }
    }
}