{
    "case14": {
        "B": {
            "data": 320317.0,
            "major": 296742.53442264936,
            "minor": 12937.38322581865
        },
        "D": {
            "data": 76506.0,
            "major": 59651.424428454215,
            "minor": 2933.986347812812,
            "unweighted": 808490.0
        },
        "V": {
            "data": 62437.0,
            "major": 48447.41376418557,
            "minor": 2291.037695850381,
            "unweighted": 525552.0
        },
        "BV": {
            "data": 261900.0,
            "major": 241933.65539943232,
            "minor": 10096.359993329954
        }
    },
    "case23": {
        "B": {
            "data": 82745.0,
            "major": 82885.73256334315,
            "minor": 3117.0735609333674
        },
        "D": {
            "data": 24202.0,
            "major": 23255.326341684515,
            "minor": 641.808546755469,
            "unweighted": 746589.0
        },
        "V": {
            "data": 17197.0,
            "major": 16700.633602477836,
            "minor": 428.81735520594833,
            "unweighted": 440499.0
        },
        "BV": {
            "data": 59544.0,
            "major": 59447.36167554894,
            "minor": 2081.048813287259
        }
    },
    "case1": {
        "B": {
            "data": 6186.0,
            "major": 6605.246835819919,
            "minor": 143.0166299668507,
            "unweighted": 267075.0
        },
        "D": {
            "data": 2161.0,
            "major": 2184.358284992188,
            "minor": 36.916132864082016,
            "unweighted": 94206.0
        },
        "V": {
            "data": 1285.0,
            "major": 1314.845303322103,
            "minor": 17.55462211262854,
            "unweighted": 48464.0
        },
        "BV": {
            "data": 3460.0,
            "major": 3698.2153594478677,
            "minor": 68.4429535731178,
            "unweighted": 121526.0
        }
    },
    "case2": {
        "B": {
            "data": 17746.0,
            "major": 19203.510405564954,
            "minor": 302.61649907526913,
            "unweighted": 703494.0
        },
        "D": {
            "data": 5447.0,
            "major": 5600.4303291516135,
            "minor": 69.1551387086077,
            "unweighted": 223886.0
        },
        "V": {
            "data": 4048.0,
            "major": 4289.959758996551,
            "minor": 46.43559072269242,
            "unweighted": 142499.0
        },
        "BV": {
            "data": 13294.0,
            "major": 14793.995392703902,
            "minor": 198.53429622648636,
            "unweighted": 438599.0
        }
    },
    "case3": {
        "B": {
            "data": 64999.0,
            "major": 63682.2221577782,
            "minor": 2814.4570618580983,
            "unweighted": 1599533.0
        },
        "D": {
            "data": 18755.0,
            "major": 17654.8960125329,
            "minor": 572.6534080468613,
            "unweighted": 522703.0
        },
        "V": {
            "data": 13149.0,
            "major": 12410.673843481287,
            "minor": 382.3817644832559,
            "unweighted": 298000.0
        },
        "BV": {
            "data": 46250.0,
            "major": 44653.36628284504,
            "minor": 1882.5145170607723,
            "unweighted": 850484.0
        }
    },
    "case4": {
        "B": {
            "data": 314131.0,
            "major": 290137.28758682945,
            "minor": 12794.3665958518,
            "unweighted": 2411343.0
        },
        "D": {
            "data": 74345.0,
            "major": 57467.06614346203,
            "minor": 2897.0702149487297,
            "unweighted": 714284.0
        },
        "V": {
            "data": 61152.0,
            "major": 47132.56846086347,
            "minor": 2273.4830737377524,
            "unweighted": 477088.0
        },
        "BV": {
            "data": 258440.0,
            "major": 238235.44003998445,
            "minor": 10027.917039756836,
            "unweighted": 1433834.0
        }
    }
}