{
    "case14": {
        "B": {
            "data": 283845.0,
            "major": 280752.18015978835,
            "minor": 12265.531738902322
        },
        "D": {
            "data": 70317.0,
            "major": 56966.64298640495,
            "minor": 2728.924279492137,
            "unweighted": 852579.0
        },
        "V": {
            "data": 57445.0,
            "major": 46009.491808394916,
            "minor": 2128.139202423857,
            "unweighted": 568519.0
        },
        "BV": {
            "data": 232277.0,
            "major": 226866.38958561196,
            "minor": 9541.689859185417
        }
    },
    "case23": {
        "B": {
            "data": 74671.0,
            "major": 75183.74684857324,
            "minor": 1997.2020046754797
        },
        "D": {
            "data": 22420.0,
            "major": 20578.89221246018,
            "minor": 410.72662524598917,
            "unweighted": 839002.0
        },
        "V": {
            "data": 16043.0,
            "major": 14212.437357074628,
            "minor": 265.4525090137247,
            "unweighted": 505444.0
        },
        "BV": {
            "data": 53860.0,
            "major": 53019.57939760583,
            "minor": 1308.7288384989802
        }
    },
    "case1": {
        "B": {
            "data": 5292.0,
            "major": 6674.449450204695,
            "minor": 131.55905182170986,
            "unweighted": 288580.0
        },
        "D": {
            "data": 1889.0,
            "major": 2085.259657004257,
            "minor": 35.16143264053051,
            "unweighted": 102230.0
        },
        "V": {
            "data": 1156.0,
            "major": 1206.5071197374448,
            "minor": 18.17014415680094,
            "unweighted": 54594.0
        },
        "BV": {
            "data": 2997.0,
            "major": 3691.6577412157035,
            "minor": 60.733303452985645,
            "unweighted": 138483.0
        }
    },
    "case2": {
        "B": {
            "data": 15444.0,
            "major": 17568.77766250162,
            "minor": 203.317350464036,
            "unweighted": 795783.0
        },
        "D": {
            "data": 4905.0,
            "major": 5063.631627378571,
            "minor": 47.69129093480886,
            "unweighted": 253085.0
        },
        "V": {
            "data": 3638.0,
            "major": 3747.971158087195,
            "minor": 30.19989041295532,
            "unweighted": 163586.0
        },
        "BV": {
            "data": 11558.0,
            "major": 13123.576040563987,
            "minor": 127.8881767625286,
            "unweighted": 507411.0
        }
    },
    "case3": {
        "B": {
            "data": 59227.0,
            "major": 57614.96918607162,
            "minor": 1793.8846542114436,
            "unweighted": 1776071.0
        },
        "D": {
            "data": 17515.0,
            "major": 15515.260585081609,
            "minor": 363.0353343111803,
            "unweighted": 585917.0
        },
        "V": {
            "data": 12405.0,
            "major": 10464.466198987433,
            "minor": 235.25261860076938,
            "unweighted": 341858.0
        },
        "BV": {
            "data": 42302.0,
            "major": 39896.00335704184,
            "minor": 1180.8406617364515,
            "unweighted": 979568.0
        }
    },
    "case4": {
        "B": {
            "data": 278553.0,
            "major": 274077.7307095837,
            "minor": 12133.972687080612,
            "unweighted": 2446796.0
        },
        "D": {
            "data": 68428.0,
            "major": 54881.38332940069,
            "minor": 2693.7628468516064,
            "unweighted": 750349.0
        },
        "V": {
            "data": 56289.0,
            "major": 44802.984688657474,
            "minor": 2109.969058267056,
            "unweighted": 513925.0
        },
        "BV": {
            "data": 229280.0,
            "major": 223174.73184439627,
            "minor": 9480.956555732431,
            "unweighted": 1490299.0
        }
    }
}