{
    "Bprime_mass": {
        "A": {
            "by_bin": [
                0.0,
                0.0,
                0.0,
                0.0,
                8.71586522122506,
                2.722260365780992,
                0.4018612601182802,
                0.013887228293897737,
                2.6191552890980265,
                3.45041186839226,
                3.2610430489891367,
                1.9951892390086094,
                0.6898426127424306,
                3.191581073160351,
                4.0438527759879195,
                3.7211494064319193,
                4.096391500946539,
                4.021811781433514,
                2.3588397794607707,
                0.23446649129745248,
                0.7272451990210838,
                1.0092111464709497,
                1.0483195014912696,
                0.1166043411094316,
                0.3435462181064807,
                0.14626157459124978,
                0.46328174204663947,
                0.17715864445704899,
                1.489296193980683,
                2.703694130513501,
                1.8104760880186166,
                2.0660476385692976,
                1.0490905558703132,
                2.4918351491546504,
                2.885741610044948,
                2.1470853273678183,
                1.6429583923244364,
                2.9076126606843764,
                2.037486883948226,
                0.734235232381734,
                2.134317167615097,
                0.6203487165486611,
                1.6248175858089107,
                0.3363589612636168,
                1.3225199528504132,
                2.3998718395494136,
                1.6419301107746187,
                1.9974189802330833,
                1.1684224528890292,
                0.6164358976948344
            ],
            "overall": 87.3972388377476
        },
        "B": {
            "by_bin": [
                0.0,
                0.0,
                0.0,
                0.0,
                31.81739573727627,
                7.299842513757846,
                0.19305008149676767,
                3.0142306899855655,
                3.1064705482336534,
                9.180949713780175,
                5.8064511740737474,
                2.5815570709085787,
                2.735178053273066,
                1.121844160229425,
                5.712077005113815,
                10.333993288162127,
                8.553263957156036,
                6.264560837193068,
                2.659318377798539,
                0.6759978593812267,
                1.2316517103497602,
                5.021588828808677,
                3.096683053760132,
                5.03444548425876,
                4.7921921855031435,
                3.401193740495414,
                1.9532584324354552,
                4.90657802346243,
                4.621226126514163,
                3.5553873229418773,
                2.4884760148888856,
                5.957811664500577,
                5.466508412424841,
                6.653045818870299,
                4.350562096770721,
                1.632719106970524,
                0.47927203848098554,
                3.066594881689149,
                2.497119068514965,
                5.580895179316134,
                4.917173650925673,
                5.773496175476701,
                4.933209866650123,
                5.272323366453285,
                5.246201855503346,
                4.562912844034192,
                3.9958862492079605,
                4.29036148540221,
                3.4664974460993068,
                1.5276704737826126
            ],
            "overall": 220.82912367231222
        },
        "C": {
            "by_bin": [
                0.0,
                0.0,
                0.0,
                0.0,
                2.0348829643681428,
                0.5996676840918312,
                1.3823119239144541,
                1.7544417728242352,
                2.838154555671316,
                3.4612614242113064,
                2.7874900677007237,
                1.3937814971894298,
                0.6670464110549887,
                1.4943644335704944,
                3.3258581670258147,
                3.0302741951783707,
                4.207427952704801,
                0.664435000225089,
                2.180967547504498,
                1.1780203375252025,
                0.5897629773514061,
                0.9834871072429836,
                0.2920853411098581,
                0.46674991512822067,
                0.25720406668065887,
                0.3606641387041101,
                0.698448114593296,
                1.439094449123286,
                0.1875791604194837,
                0.6935530641587911,
                0.30729978670070246,
                1.1197056121093045,
                0.2484224283050045,
                0.586334484727114,
                0.05058121582212068,
                0.15215222963739328,
                2.6855956513476014,
                0.25910034764107137,
                3.0474438269468673,
                1.546617584621595,
                0.1461254651562631,
                2.0303482660659435,
                3.224832935836391,
                0.40806156271025246,
                0.636858110830112,
                0.3340051523537946,
                0.6298478738548895,
                0.9594889324678997,
                0.061581241802164025,
                0.501989195814108
            ],
            "overall": 57.90540617402338
        },
        "Avg": {
            "overall": 122.04392289469439
        }
    },
    "gcJet_ST": {
        "A": {
            "by_bin": [
                0.0,
                0.0,
                0.0,
                0.0,
                5.001560596573767,
                0.5729089383368041,
                5.2034618214612385,
                6.84179818130578,
                3.3168928696372872,
                0.45086624989479573,
                0.08686807109539106,
                0.6095801337193041,
                4.735517795438429,
                3.3507347838724457,
                4.371843201482584,
                6.795694939610658,
                6.788662704953218,
                10.69168131477578,
                10.90657006298151,
                11.912378791690674,
                11.958960968028588,
                12.142023381422131,
                10.840809925675181,
                3.5624316494973005,
                0.8840068053333138,
                3.2503579815721224,
                3.3871520957757633,
                3.1468466344941612,
                2.7982584471685126,
                1.407942542458186
            ],
            "overall": 135.01581088825492
        },
        "B": {
            "by_bin": [
                0.0,
                0.0,
                0.0,
                0.0,
                6.547583240161401,
                21.462632298982403,
                5.387417514742843,
                8.560267330572456,
                6.064757946035436,
                0.6247175062208356,
                1.166091574380584,
                6.77560377804122,
                7.1833851634864585,
                8.541913525922755,
                0.5034749558621933,
                0.19082131304775904,
                3.0354403383449715,
                7.0137061089041,
                5.613814328795846,
                1.5140750383224388,
                5.504751939036797,
                8.81423540110785,
                8.050274722431071,
                7.307999472561813,
                6.5029802944161315,
                5.623200028889071,
                4.84764548094579,
                4.379290323646705,
                3.542238259607367,
                2.925849874941782
            ],
            "overall": 147.68416775940807
        },