{
    "by_bin": 2.934285340780317,
    "overall": 2.934285340780317
}