{
    "Bprime_mass": {
        "A": {
            "by_bin": [
                0.0,
                0.0,
                0.0,
                0.0,
                0.0,
                0.9471745136209794,
                1.4213843650956008,
                0.9044242447483063,
                0.3319208054625736,
                0.3858060392708475,
                0.5534832584868905,
                2.0132899968012317,
                5.8610818961610835,
                1.0791143483218133,
                0.826518672151972,
                2.0084278570290457,
                1.4407693186394894,
                0.21861301986938733,
                0.30626152268984813,
                2.028469473821109,
                1.0273784856103063,
                0.8497456420269536,
                0.9377608737036478,
                1.428482587622517,
                1.653388974227519,
                0.7009590217986158,
                1.1345794939781262,
                1.0236100551527956,
                0.21214383253537214,
                0.07144958461415458,
                0.9630683773058115,
                1.0113513250083705,
                0.3533133312243474,
                0.7897029384531119,
                2.0562591226585423,
                1.743151528119647,
                0.3153837601778476,
                1.8406079465203788,
                0.802585768500927,
                1.713635795870654,
                1.5737767752501262,
                0.9981225963381346,
                1.2089975489362481,
                1.2452128132546514,
                0.5942028428715334,
                0.25738048811835945,
                0.05609673652908129,
                1.1591773392333748,
                0.8581662478375673,
                0.4763864621630061
            ],
            "overall": 49.3828176278119
        },
        "B": {
            "by_bin": [
                0.0,
                0.0,
                0.0,
                6.127545903588686,
                0.6285471613172595,
                1.7407233272429203,
                1.203076396034981,
                3.978335110676946,
                15.174587783822721,
                25.781277114580426,
                12.228720936096204,
                4.009336147534539,
                0.5844769512639849,
                8.038236954019535,
                5.364423739938565,
                1.267695109738788,
                9.243839018800692,
                11.806636895247639,
                8.000754346164932,
                8.420139205792731,
                7.96661733983499,
                6.9457271325677725,
                7.297146959416606,
                5.9574739035269335,
                2.6518234494378445,
                0.5079524039068891,
                0.6210769989694568,
                1.8682790074941031,
                0.9641810054818509,
                1.4139935263228793,
                2.9882676272289066,
                2.884455454154276,
                3.1143330389963886,
                1.551295364579566,
                1.8904021223190766,
                1.9340190169828333,
                1.9047417074397983,
                0.5571997392041446,
                1.3773618734717228,
                0.8351317647005552,
                0.28787268550856254,
                0.2848155328396089,
                0.389261321748795,
                2.0104372876430934,
                1.5133631595183321,
                0.35055974694026243,
                0.9362685248675364,
                1.9025124938212459,
                1.1753155305376597,
                2.868656772987797
            ],
            "overall": 190.54889459431107
        },
        "C": {
            "by_bin": [
                0.0,
                0.0,
                0.0,
                0.0,
                0.0,
                0.2348452132515359,
                0.074605816361112,
                0.7301866516929248,
                0.13302748000118436,
                0.09517517778125362,
                3.3466867335059494,
                1.4717239241436897,
                0.6222699485369912,
                1.0003045754501765,
                0.3612011186171824,
                1.7807460178401362,
                1.071761756277547,
                0.8053214788430403,
                0.14555308099696293,
                1.2740432177259693,
                0.5654065908262795,
                0.8009141053055484,
                0.7430951453786555,
                1.3525460697210894,
                0.6241430178273908,
                0.30514401952760634,
                1.6141969702241654,
                0.4682982233776257,
                0.09997374595295472,
                1.6212804933302631,
                0.006807145592630634,
                1.142579859432094,
                0.9860575931264024,
                0.14684084084448285,
                0.17121213577054745,
                2.558643396394594,
                0.5875270742162808,
                0.7047733469370573,
                0.5977137692320954,
                0.7330948103393228,
                0.45175808228710207,
                0.9196632668501293,
                1.582672385402481,
                1.5204744129385035,
                0.33550324037618845,
                0.09262832438115746,
                0.8911604083882807,
                0.3545597706667039,
                0.2151306724422683,
                0.4884581003333701
            ],
            "overall": 35.829709208448925
        },
        "Avg": {
            "overall": 91.92047381019063
        }
    },
    "gcJet_ST": {
        "A": {
            "by_bin": [
                0.0,
                0.0,
                0.0,
                0.0,
                1.8920116418731854,
                5.894834123607861,
                4.488638236825374,
                0.7748989839204586,
                2.6111819598107897,
                4.974866791233673,
                3.963209246583583,
                4.469173353487447,
                3.6879606438590624,
                4.0646532578952055,
                0.1882644187584079,
                2.0813069781988505,
                0.8439708550614615,
                0.2577400872670281,
                1.3133988484245043,
                2.963794437684692,
                3.351089096857977,
                2.8357237173803593,
                2.434297828646094,
                1.2657755158633377,
                0.7177009652804481,
                2.1795585747080772,
                28.24688850859107,
                53.706132843075814,
                112.95593613268727,
                44.06741068412931
            ],
            "overall": 296.2304177317113
        },
        "B": {
            "by_bin": [
                0.0,
                0.0,
                0.0,
                0.0,
                13.868122593106818,
                16.657301555667573,
                18.114332981217544,
                5.837115179223188,
                10.379903064793952,
                52.93889172825434,
                24.921948269770976,
                10.497709217063003,
                7.099679743084563,
                4.69221397728472,
                19.265857324203083,
                14.819135176695376,
                9.99037885431839,
                19.41838603186129,
                19.15834420115442,
                16.15268665346081,
                11.670127986345445,
                4.088878798108658,
                7.971409847496066,
                25.029886033275734,
                51.808639400398064,
                79.30546333341513,
                113.276005788101,
                184.64534397901718,
                324.2765667803855,
                82.4323260495769
            ],
            "overall": 1148.3166545472798
        },